{
  "type": "loss",
  "matrix": [ [4, 2],
              [2, 3] ],
  "answer_clean": [[1, 1]],
  "answer_simplex": [[0.33333333, 0.66666667], [-0.33333333, -0.66666667]]
}